-- MySQL dump 10.13  Distrib 5.6.17, for Linux (x86_64)
--
-- Host: localhost    Database: play_sports
-- ------------------------------------------------------
-- Server version	5.6.17

/*!40101 SET @OLD_CHARACTER_SET_CLIENT=@@CHARACTER_SET_CLIENT */;
/*!40101 SET @OLD_CHARACTER_SET_RESULTS=@@CHARACTER_SET_RESULTS */;
/*!40101 SET @OLD_COLLATION_CONNECTION=@@COLLATION_CONNECTION */;
/*!40101 SET NAMES utf8 */;
/*!40103 SET @OLD_TIME_ZONE=@@TIME_ZONE */;
/*!40103 SET TIME_ZONE='+00:00' */;
/*!40014 SET @OLD_UNIQUE_CHECKS=@@UNIQUE_CHECKS, UNIQUE_CHECKS=0 */;
/*!40014 SET @OLD_FOREIGN_KEY_CHECKS=@@FOREIGN_KEY_CHECKS, FOREIGN_KEY_CHECKS=0 */;
/*!40101 SET @OLD_SQL_MODE=@@SQL_MODE, SQL_MODE='NO_AUTO_VALUE_ON_ZERO' */;
/*!40111 SET @OLD_SQL_NOTES=@@SQL_NOTES, SQL_NOTES=0 */;

--
-- Table structure for table `categoria`
--

DROP TABLE IF EXISTS `categoria`;
/*!40101 SET @saved_cs_client     = @@character_set_client */;
/*!40101 SET character_set_client = utf8 */;
CREATE TABLE `categoria` (
  `id` bigint(20) NOT NULL AUTO_INCREMENT,
  `version` bigint(20) NOT NULL,
  `descripcion` varchar(255) NOT NULL,
  `nombre` varchar(50) NOT NULL,
  PRIMARY KEY (`id`)
) ENGINE=InnoDB AUTO_INCREMENT=5 DEFAULT CHARSET=latin1;
/*!40101 SET character_set_client = @saved_cs_client */;

--
-- Dumping data for table `categoria`
--

LOCK TABLES `categoria` WRITE;
/*!40000 ALTER TABLE `categoria` DISABLE KEYS */;
INSERT INTO `categoria` VALUES (1,1,'Noticias del fútbol mexicano','FÚTBOL NACIONAL'),(2,0,'Noticias del fútbol internacional','FÚTBOL INTERNACIONAL'),(3,1,'Noticias de la selección mexicana','SELECCIÓN MEXICANA'),(4,0,'Noticias del mundial de fútbol de brasil 2014','MUNDIAL');
/*!40000 ALTER TABLE `categoria` ENABLE KEYS */;
UNLOCK TABLES;

--
-- Table structure for table `equipo`
--

DROP TABLE IF EXISTS `equipo`;
/*!40101 SET @saved_cs_client     = @@character_set_client */;
/*!40101 SET character_set_client = utf8 */;
CREATE TABLE `equipo` (
  `id` bigint(20) NOT NULL AUTO_INCREMENT,
  `version` bigint(20) NOT NULL,
  `identificador` int(11) NOT NULL,
  `liga_id` bigint(20) NOT NULL,
  `logo` varchar(255) NOT NULL,
  `nombre` varchar(255) NOT NULL,
  PRIMARY KEY (`id`),
  KEY `FKB2C89E3F637857CF` (`liga_id`),
  CONSTRAINT `FKB2C89E3F637857CF` FOREIGN KEY (`liga_id`) REFERENCES `liga` (`id`)
) ENGINE=InnoDB AUTO_INCREMENT=179 DEFAULT CHARSET=latin1;
/*!40101 SET character_set_client = @saved_cs_client */;

--
-- Dumping data for table `equipo`
--

LOCK TABLES `equipo` WRITE;
/*!40000 ALTER TABLE `equipo` DISABLE KEYS */;
INSERT INTO `equipo` VALUES (1,0,51317,2,'http://thumb.resfu.com/img_data/escudos/medium/449.jpg?size=60x','Bayern München'),(2,0,51318,2,'http://thumb.resfu.com/img_data/escudos/medium/5623.jpg?size=60x','Borussia Monchengladbach'),(3,0,51321,2,'http://thumb.resfu.com/img_data/escudos/medium/3668.jpg?size=60x','B. Leverkusen'),(4,0,51322,2,'http://thumb.resfu.com/img_data/escudos/medium/2286.jpg?size=60x','SC Freiburg'),(5,0,51323,2,'http://thumb.resfu.com/img_data/escudos/medium/1291.jpg?size=60x','Hannover 96'),(6,0,51324,2,'http://thumb.resfu.com/img_data/escudos/medium/2760.jpg?size=60x','Wolfsburg'),(7,0,51327,2,'http://thumb.resfu.com/img_data/escudos/medium/1039.jpg?size=60x','FC Augsburg'),(8,0,51328,2,'http://thumb.resfu.com/img_data/escudos/medium/530.jpg?size=60x','B. Dortmund'),(9,0,51331,2,'http://thumb.resfu.com/img_data/escudos/medium/1319.jpg?size=60x','Hertha BSC'),(10,0,51332,2,'http://thumb.resfu.com/img_data/escudos/medium/960.jpg?size=60x','Eintracht Frankfurt'),(11,0,51333,2,'http://thumb.resfu.com/img_data/escudos/medium/2542.jpg?size=60x','Hoffenheim'),(12,0,51334,2,'http://thumb.resfu.com/img_data/escudos/medium/1092.jpg?size=60x','Nurnberg'),(13,0,51329,2,'http://thumb.resfu.com/img_data/escudos/medium/5116.jpg?size=60x','Eintracht Brau'),(14,0,51330,2,'http://thumb.resfu.com/img_data/escudos/medium/2746.jpg?size=60x','Werder Bremen'),(15,0,51325,2,'http://thumb.resfu.com/img_data/escudos/medium/2987.jpg?size=60x','Mainz 05'),(16,0,51326,2,'http://thumb.resfu.com/img_data/escudos/medium/2433.jpg?size=60x','Stuttgart'),(17,0,51319,2,'http://thumb.resfu.com/img_data/escudos/medium/2294.jpg?size=60x','Schalke 04'),(18,0,51320,2,'http://thumb.resfu.com/img_data/escudos/medium/1286.jpg?size=60x','Hamburger SV'),(19,0,50482,1,'http://thumb.resfu.com/img_data/escudos/medium/2120.jpg?size=60x','R. Sociedad'),(20,0,50638,1,'http://thumb.resfu.com/img_data/escudos/medium/1217.jpg?size=60x','Getafe'),(21,0,50643,1,'http://thumb.resfu.com/img_data/escudos/medium/2654.jpg?size=60x','Valladolid'),(22,0,50642,1,'http://thumb.resfu.com/img_data/escudos/medium/347.jpg?size=60x','Athletic'),(23,0,50646,1,'http://thumb.resfu.com/img_data/escudos/medium/2647.jpg?size=60x','Valencia'),(24,0,50473,1,'http://thumb.resfu.com/img_data/escudos/medium/1617.jpg?size=60x','Málaga'),(25,0,50480,1,'http://thumb.resfu.com/img_data/escudos/medium/429.jpg?size=60x','Barcelona'),(26,0,50641,1,'http://thumb.resfu.com/img_data/escudos/medium/1547.jpg?size=60x','Levante'),(27,0,50474,1,'http://thumb.resfu.com/img_data/escudos/medium/2107.jpg?size=60x','Real Madrid'),(28,0,50637,1,'http://thumb.resfu.com/img_data/escudos/medium/486.jpg?size=60x','Real Betis'),(29,0,50645,1,'http://thumb.resfu.com/img_data/escudos/medium/1887.jpg?size=60x','Osasuna'),(30,0,50644,1,'http://thumb.resfu.com/img_data/escudos/medium/4235.jpg?size=60x','Granada'),(31,0,50635,1,'http://thumb.resfu.com/img_data/escudos/medium/1102.jpg?size=60x','Sevilla'),(32,0,50481,1,'http://thumb.resfu.com/img_data/escudos/medium/369.jpg?size=60x','Atlético'),(33,0,50636,1,'http://thumb.resfu.com/img_data/escudos/medium/2080.jpg?size=60x','Rayo Vallecano'),(34,0,50633,1,'http://thumb.resfu.com/img_data/escudos/medium/975.jpg?size=60x','Elche'),(35,0,50640,1,'http://thumb.resfu.com/img_data/escudos/medium/712.jpg?size=60x','Celta'),(36,0,50639,1,'http://thumb.resfu.com/img_data/escudos/medium/998.jpg?size=60x','Espanyol'),(37,0,51261,1,'http://thumb.resfu.com/img_data/escudos/medium/183.jpg?size=60x','Almería'),(38,0,50634,1,'http://thumb.resfu.com/img_data/escudos/medium/2716.jpg?size=60x','Villarreal'),(39,0,51464,3,'http://thumb.resfu.com/img_data/escudos/medium/98.jpg?size=60x','Ajax'),(40,0,51465,3,'http://thumb.resfu.com/img_data/escudos/medium/2174.jpg?size=60x','Roda JC'),(41,0,51466,3,'http://thumb.resfu.com/img_data/escudos/medium/73.jpg?size=60x','ADO Den Haag'),(42,0,51467,3,'http://thumb.resfu.com/img_data/escudos/medium/2023.jpg?size=60x','PSV'),(43,0,51468,3,'http://thumb.resfu.com/img_data/escudos/medium/1789.jpg?size=60x','NEC Nijmegen'),(44,0,51469,3,'http://thumb.resfu.com/img_data/escudos/medium/1068.jpg?size=60x','Groningen'),(45,0,51470,3,'http://thumb.resfu.com/img_data/escudos/medium/1112.jpg?size=60x','FC Twente 1965'),(46,0,51471,3,'http://thumb.resfu.com/img_data/escudos/medium/2169.jpg?size=60x','RKC Waalwijk'),(47,0,51472,3,'http://thumb.resfu.com/img_data/escudos/medium/1304.jpg?size=60x','Heerenveen'),(48,0,51473,3,'http://thumb.resfu.com/img_data/escudos/medium/406.jpg?size=60x','AZ Alkmaar'),(49,0,51474,3,'http://thumb.resfu.com/img_data/escudos/medium/2282.jpg?size=60x','Cambuur'),(50,0,51475,3,'http://thumb.resfu.com/img_data/escudos/medium/1765.jpg?size=60x','NAC Breda'),(51,0,51476,3,'http://thumb.resfu.com/img_data/escudos/medium/1115.jpg?size=60x','FC Utrecht'),(52,0,51477,3,'http://thumb.resfu.com/img_data/escudos/medium/1242.jpg?size=60x','Go Ahead Eagles'),(53,0,51478,3,'http://thumb.resfu.com/img_data/escudos/medium/2728.jpg?size=60x','Vitesse'),(54,0,51479,3,'http://thumb.resfu.com/img_data/escudos/medium/1309.jpg?size=60x','Heracles'),(55,0,51480,3,'http://thumb.resfu.com/img_data/escudos/medium/1127.jpg?size=60x','PEC Zwolle'),(56,0,51481,3,'http://thumb.resfu.com/img_data/escudos/medium/1135.jpg?size=60x','Feyenoord'),(57,0,52756,6,'http://thumb.resfu.com/img_data/escudos/medium/1898.jpg?size=60x','Paços de Ferreira'),(58,0,52757,6,'http://thumb.resfu.com/img_data/escudos/medium/2386.jpg?size=60x','Sporting Braga'),(59,0,52758,6,'http://thumb.resfu.com/img_data/escudos/medium/1007.jpg?size=60x','Estoril'),(60,0,52759,6,'http://thumb.resfu.com/img_data/escudos/medium/1766.jpg?size=60x','Nacional'),(61,0,52760,6,'http://thumb.resfu.com/img_data/escudos/medium/2730.jpg?size=60x','Vitória Guimarães'),(62,0,52761,6,'http://thumb.resfu.com/img_data/escudos/medium/2288.jpg?size=60x','Olhanense'),(63,0,52764,6,'http://thumb.resfu.com/img_data/escudos/medium/4017.jpg?size=60x','Sporting CP'),(64,0,52765,6,'http://thumb.resfu.com/img_data/escudos/medium/4641.jpg?size=60x','Arouca'),(65,0,52762,6,'http://thumb.resfu.com/img_data/escudos/medium/462.jpg?size=60x','Belenenses'),(66,0,52763,6,'http://thumb.resfu.com/img_data/escudos/medium/2163.jpg?size=60x','Rio Ave'),(67,0,52766,6,'http://thumb.resfu.com/img_data/escudos/medium/1223.jpg?size=60x','Gil Vicente'),(68,0,52767,6,'http://thumb.resfu.com/img_data/escudos/medium/59.jpg?size=60x','Académica'),(69,0,52768,6,'http://thumb.resfu.com/img_data/escudos/medium/1653.jpg?size=60x','Marítimo'),(70,0,52769,6,'http://thumb.resfu.com/img_data/escudos/medium/466.jpg?size=60x','Benfica'),(71,0,52754,6,'http://thumb.resfu.com/img_data/escudos/medium/2732.jpg?size=60x','Vitória Setúbal'),(72,0,52755,6,'http://thumb.resfu.com/img_data/escudos/medium/1095.jpg?size=60x','Porto'),(73,0,51864,7,'http://thumb.resfu.com/img_data/escudos/medium/926.jpg?size=60x','Dinamo Moskva'),(74,0,51875,7,'http://thumb.resfu.com/img_data/escudos/medium/5632.jpg?size=60x','Volga'),(75,0,51862,7,'http://thumb.resfu.com/img_data/escudos/medium/4368.jpg?size=60x','Anzhi'),(76,0,51868,7,'http://thumb.resfu.com/img_data/escudos/medium/1581.jpg?size=60x','Lokomotiv Moskva'),(77,0,51865,7,'http://thumb.resfu.com/img_data/escudos/medium/1473.jpg?size=60x','Kuban Krasnodar'),(78,0,51870,7,'http://thumb.resfu.com/img_data/escudos/medium/2193.jpg?size=60x','Rubin Kazán'),(79,0,51869,7,'http://thumb.resfu.com/img_data/escudos/medium/1150.jpg?size=60x','FK Rostov na Donu'),(80,0,51872,7,'http://thumb.resfu.com/img_data/escudos/medium/2481.jpg?size=60x','Terek Groznyi'),(81,0,51861,7,'http://thumb.resfu.com/img_data/escudos/medium/212.jpg?size=60x','Amkar Perm'),(82,0,51873,7,'http://thumb.resfu.com/img_data/escudos/medium/2502.jpg?size=60x','Tom Tomsk'),(83,0,51866,7,'http://thumb.resfu.com/img_data/escudos/medium/1467.jpg?size=60x','Krylia Sovetov'),(84,0,51871,7,'http://thumb.resfu.com/img_data/escudos/medium/2379.jpg?size=60x','Spartak Moskva'),(85,0,51877,7,'http://thumb.resfu.com/img_data/escudos/medium/11770.jpg?size=60x','Ural Sverdlovskaya'),(86,0,51863,7,'http://thumb.resfu.com/img_data/escudos/medium/865.jpg?size=60x','CSKA Moskva'),(87,0,51867,7,'http://thumb.resfu.com/img_data/escudos/medium/5633.jpg?size=60x','FK Krasnodar'),(88,0,51876,7,'http://thumb.resfu.com/img_data/escudos/medium/2794.jpg?size=60x','Zenit'),(89,0,51088,4,'http://thumb.resfu.com/img_data/escudos/medium/1728.jpg?size=60x','Montpellier'),(90,0,51093,4,'http://thumb.resfu.com/img_data/escudos/medium/1924.jpg?size=60x','PSG'),(91,0,51095,4,'http://thumb.resfu.com/img_data/escudos/medium/3863.jpg?size=60x','Rennes'),(92,0,51094,4,'http://thumb.resfu.com/img_data/escudos/medium/2421.jpg?size=60x','Stade de Reims'),(93,0,51089,4,'http://thumb.resfu.com/img_data/escudos/medium/1776.jpg?size=60x','Nantes'),(94,0,51081,4,'http://thumb.resfu.com/img_data/escudos/medium/445.jpg?size=60x','Bastia'),(95,0,51091,4,'http://thumb.resfu.com/img_data/escudos/medium/1866.jpg?size=60x','Olympique Lyonnais'),(96,0,51090,4,'http://thumb.resfu.com/img_data/escudos/medium/1799.jpg?size=60x','Nice'),(97,0,51085,4,'http://thumb.resfu.com/img_data/escudos/medium/3015.jpg?size=60x','Lille'),(98,0,51086,4,'http://thumb.resfu.com/img_data/escudos/medium/1586.jpg?size=60x','Lorient'),(99,0,51083,4,'http://thumb.resfu.com/img_data/escudos/medium/4436.jpg?size=60x','Evian Thonon Gaillard'),(100,0,51097,4,'http://thumb.resfu.com/img_data/escudos/medium/2355.jpg?size=60x','Sochaux'),(101,0,51082,4,'http://thumb.resfu.com/img_data/escudos/medium/527.jpg?size=60x','Girondins Bordeaux'),(102,0,51087,4,'http://thumb.resfu.com/img_data/escudos/medium/1713.jpg?size=60x','Monaco'),(103,0,51099,4,'http://thumb.resfu.com/img_data/escudos/medium/2650.jpg?size=60x','Valenciennes'),(104,0,51098,4,'http://thumb.resfu.com/img_data/escudos/medium/2524.jpg?size=60x','Toulouse'),(105,0,51080,4,'http://thumb.resfu.com/img_data/escudos/medium/97.jpg?size=60x','Ajaccio'),(106,0,51096,4,'http://thumb.resfu.com/img_data/escudos/medium/2203.jpg?size=60x','Saint Etienne'),(107,0,51084,4,'http://thumb.resfu.com/img_data/escudos/medium/1274.jpg?size=60x','Guingamp'),(108,0,51092,4,'http://thumb.resfu.com/img_data/escudos/medium/5117.jpg?size=60x','Olympique Marsella'),(109,0,52213,5,'http://thumb.resfu.com/img_data/escudos/medium/1305.jpg?size=60x','Hellas Verona'),(110,0,52218,5,'http://thumb.resfu.com/img_data/escudos/medium/1692.jpg?size=60x','Milan'),(111,0,52221,5,'http://thumb.resfu.com/img_data/escudos/medium/2215.jpg?size=60x','Sampdoria'),(112,0,52215,5,'http://thumb.resfu.com/img_data/escudos/medium/1430.jpg?size=60x','Juventus'),(113,0,52214,5,'http://thumb.resfu.com/img_data/escudos/medium/1381.jpg?size=60x','Inter'),(114,0,52212,5,'http://thumb.resfu.com/img_data/escudos/medium/4101.jpg?size=60x','Genoa'),(115,0,52208,5,'http://thumb.resfu.com/img_data/escudos/medium/609.jpg?size=60x','Cagliari'),(116,0,53453,5,'http://thumb.resfu.com/img_data/escudos/medium/339.jpg?size=60x','Atalanta'),(117,0,52220,5,'http://thumb.resfu.com/img_data/escudos/medium/1927.jpg?size=60x','Parma'),(118,0,52210,5,'http://thumb.resfu.com/img_data/escudos/medium/4787.jpg?size=60x','Chievo'),(119,0,52219,5,'http://thumb.resfu.com/img_data/escudos/medium/1777.jpg?size=60x','Napoli'),(120,0,52207,5,'http://thumb.resfu.com/img_data/escudos/medium/522.jpg?size=60x','Bologna'),(121,0,52217,5,'http://thumb.resfu.com/img_data/escudos/medium/1566.jpg?size=60x','Livorno'),(122,0,53452,5,'http://thumb.resfu.com/img_data/escudos/medium/2176.jpg?size=60x','Roma'),(123,0,52216,5,'http://thumb.resfu.com/img_data/escudos/medium/1526.jpg?size=60x','Lazio'),(124,0,52224,5,'http://thumb.resfu.com/img_data/escudos/medium/2573.jpg?size=60x','Udinese'),(125,0,52223,5,'http://thumb.resfu.com/img_data/escudos/medium/2508.jpg?size=60x','Torino'),(126,0,52222,5,'http://thumb.resfu.com/img_data/escudos/medium/2634.jpg?size=60x','Sassuolo Calcio'),(127,0,52211,5,'http://thumb.resfu.com/img_data/escudos/medium/1142.jpg?size=60x','Fiorentina'),(128,0,52209,5,'http://thumb.resfu.com/img_data/escudos/medium/659.jpg?size=60x','Catania'),(129,0,65018,9,'http://thumb.resfu.com/img_data/escudos/medium/10273.jpg?size=60x','Morelia'),(130,0,65022,9,'http://thumb.resfu.com/img_data/escudos/medium/4346.jpg?size=60x','Querétaro'),(131,0,65023,9,'http://thumb.resfu.com/img_data/escudos/medium/10274.jpg?size=60x','Santos Laguna'),(132,0,65015,9,'http://thumb.resfu.com/img_data/escudos/medium/1262.jpg?size=60x','Guadalajara'),(133,0,65009,9,'http://thumb.resfu.com/img_data/escudos/medium/10276.jpg?size=60x','América'),(134,0,65025,9,'http://thumb.resfu.com/img_data/escudos/medium/4348.jpg?size=60x','Tigres UANL'),(135,0,65017,9,'http://thumb.resfu.com/img_data/escudos/medium/10275.jpg?size=60x','Monterrey'),(136,0,65014,9,'http://thumb.resfu.com/img_data/escudos/medium/705.jpg?size=60x','Cruz Azul'),(137,0,65019,9,'http://thumb.resfu.com/img_data/escudos/medium/10279.jpg?size=60x','Pachuca'),(138,0,65027,9,'http://thumb.resfu.com/img_data/escudos/medium/10277.jpg?size=60x','Toluca'),(139,0,65012,9,'http://thumb.resfu.com/img_data/escudos/medium/731.jpg?size=60x','Atlas Guadalajara'),(140,0,65026,9,'http://thumb.resfu.com/img_data/escudos/medium/5994.jpg?size=60x','Tijuana'),(141,0,65029,9,'http://thumb.resfu.com/img_data/escudos/medium/1405.jpg?size=60x','Chiapas'),(142,0,65028,9,'http://thumb.resfu.com/img_data/escudos/medium/3072.jpg?size=60x','Veracruz'),(143,0,65021,9,'http://thumb.resfu.com/img_data/escudos/medium/2035.jpg?size=60x','Pumas UNAM'),(144,0,65020,9,'http://thumb.resfu.com/img_data/escudos/medium/2027.jpg?size=60x','Puebla'),(145,0,65010,9,'http://thumb.resfu.com/img_data/escudos/medium/10278.jpg?size=60x','Atlante'),(146,0,65016,9,'http://thumb.resfu.com/img_data/escudos/medium/10271.jpg?size=60x','León'),(147,0,64693,11,'http://thumb.resfu.com/img_data/escudos/medium/3852.jpg?size=60x','Brasil'),(148,0,64717,11,'http://thumb.resfu.com/img_data/escudos/medium/3766.jpg?size=60x','Croacia'),(149,0,64709,11,'http://thumb.resfu.com/img_data/escudos/medium/3811.jpg?size=60x','México'),(150,0,64703,11,'http://thumb.resfu.com/img_data/escudos/medium/3779.jpg?size=60x','Camerún'),(151,0,64694,11,'http://thumb.resfu.com/img_data/escudos/medium/3850.jpg?size=60x','España'),(152,0,64718,11,'http://thumb.resfu.com/img_data/escudos/medium/3761.jpg?size=60x','Holanda'),(153,0,64702,11,'http://thumb.resfu.com/img_data/escudos/medium/3776.jpg?size=60x','Chile'),(154,0,64710,11,'http://thumb.resfu.com/img_data/escudos/medium/3801.jpg?size=60x','Australia'),(155,0,64695,11,'http://thumb.resfu.com/img_data/escudos/medium/3774.jpg?size=60x','Colombia'),(156,0,64719,11,'http://thumb.resfu.com/img_data/escudos/medium/3725.jpg?size=60x','Grecia'),(157,0,64707,11,'http://thumb.resfu.com/img_data/escudos/medium/3795.jpg?size=60x','Costa de Marfil'),(158,0,64711,11,'http://thumb.resfu.com/img_data/escudos/medium/3798.jpg?size=60x','Japón'),(159,0,64696,11,'http://thumb.resfu.com/img_data/escudos/medium/3768.jpg?size=60x','Uruguay'),(160,0,64712,11,'http://thumb.resfu.com/img_data/escudos/medium/3813.jpg?size=60x','Costa Rica'),(161,0,64720,11,'http://thumb.resfu.com/img_data/escudos/medium/3745.jpg?size=60x','Inglaterra'),(162,0,64701,11,'http://thumb.resfu.com/img_data/escudos/medium/3853.jpg?size=60x','Italia'),(163,0,64697,11,'http://thumb.resfu.com/img_data/escudos/medium/3723.jpg?size=60x','Suiza'),(164,0,64704,11,'http://thumb.resfu.com/img_data/escudos/medium/3771.jpg?size=60x','Ecuador'),(165,0,64721,11,'http://thumb.resfu.com/img_data/escudos/medium/3750.jpg?size=60x','Francia'),(166,0,64713,11,'http://thumb.resfu.com/img_data/escudos/medium/3814.jpg?size=60x','Honduras'),(167,0,64698,11,'http://thumb.resfu.com/img_data/escudos/medium/3770.jpg?size=60x','Argentina'),(168,0,64722,11,'http://thumb.resfu.com/img_data/escudos/medium/3741.jpg?size=60x','Bosnia Herzegovina'),(169,0,64714,11,'http://thumb.resfu.com/img_data/escudos/medium/3806.jpg?size=60x','Irán'),(170,0,64705,11,'http://thumb.resfu.com/img_data/escudos/medium/3785.jpg?size=60x','Nigeria'),(171,0,64699,11,'http://thumb.resfu.com/img_data/escudos/medium/3734.jpg?size=60x','Alemania'),(172,0,64723,11,'http://thumb.resfu.com/img_data/escudos/medium/3762.jpg?size=60x','Portugal'),(173,0,64706,11,'http://thumb.resfu.com/img_data/escudos/medium/3791.jpg?size=60x','Ghana'),(174,0,64715,11,'http://thumb.resfu.com/img_data/escudos/medium/3855.jpg?size=60x','Estados Unidos'),(175,0,64700,11,'http://thumb.resfu.com/img_data/escudos/medium/3738.jpg?size=60x','Bélgica'),(176,0,64708,11,'http://thumb.resfu.com/img_data/escudos/medium/3787.jpg?size=60x','Argelia'),(177,0,64724,11,'http://thumb.resfu.com/img_data/escudos/medium/3764.jpg?size=60x','Rusia'),(178,0,64716,11,'http://thumb.resfu.com/img_data/escudos/medium/3804.jpg?size=60x','Corea del Sur');
/*!40000 ALTER TABLE `equipo` ENABLE KEYS */;
UNLOCK TABLES;

--
-- Table structure for table `liga`
--

DROP TABLE IF EXISTS `liga`;
/*!40101 SET @saved_cs_client     = @@character_set_client */;
/*!40101 SET character_set_client = utf8 */;
CREATE TABLE `liga` (
  `id` bigint(20) NOT NULL AUTO_INCREMENT,
  `version` bigint(20) NOT NULL,
  `country` varchar(255) NOT NULL,
  `current_round` int(11) NOT NULL,
  `flag` varchar(255) DEFAULT NULL,
  `group_code` int(11) NOT NULL,
  `identificador` int(11) NOT NULL,
  `name` varchar(255) NOT NULL,
  `phase` varchar(255) DEFAULT NULL,
  `playoff` int(11) NOT NULL,
  `total_group` int(11) NOT NULL,
  `total_rounds` int(11) NOT NULL,
  `year` int(11) NOT NULL,
  PRIMARY KEY (`id`)
) ENGINE=InnoDB AUTO_INCREMENT=12 DEFAULT CHARSET=latin1;
/*!40101 SET character_set_client = @saved_cs_client */;

--
-- Dumping data for table `liga`
--

LOCK TABLES `liga` WRITE;
/*!40000 ALTER TABLE `liga` DISABLE KEYS */;
INSERT INTO `liga` VALUES (1,0,'es',38,'http:\\/\\/thumb.resfu.com\\/media\\/img\\/flags\\/44x27\\/es.png',1,1,'Liga BBVA',NULL,0,1,38,2014),(2,0,'de',34,'http:\\/\\/thumb.resfu.com\\/media\\/img\\/flags\\/44x27\\/de.png',1,8,'Bundesliga',NULL,0,1,34,2014),(3,0,'nl',34,'http:\\/\\/thumb.resfu.com\\/media\\/img\\/flags\\/44x27\\/nl.png',0,9,'Liga Holandesa',NULL,1,1,34,2014),(4,0,'fr',38,'http:\\/\\/thumb.resfu.com\\/media\\/img\\/flags\\/44x27\\/fr.png',1,16,'Ligue 1',NULL,0,1,38,2014),(5,0,'it',38,'http:\\/\\/thumb.resfu.com\\/media\\/img\\/flags\\/44x27\\/it.png',1,7,'Serie A',NULL,0,1,38,2014),(6,0,'pt',30,'flag\":\"http:\\/\\/thumb.resfu.com\\/media\\/img\\/flags\\/44x27\\/pt.png',2014,19,'Liga Portuguesa',NULL,0,1,30,2014),(7,0,'ru',30,'http:\\/\\/thumb.resfu.com\\/media\\/img\\/flags\\/44x27\\/ru.png',1,27,'Liga Rusa',NULL,0,1,30,2014),(8,1,'mx',17,'http:\\/\\/thumb.resfu.com\\/media\\/img\\/flags\\/44x27\\/mx.png',1,68,'Torneo Apertura de México',NULL,0,1,17,2014),(9,0,'mx',17,'http:\\/\\/thumb.resfu.com\\/media\\/img\\/flags\\/44x27\\/mx.png',1,141,'Torneo Clausura de México',NULL,0,1,17,2014),(10,0,'mx',3,'http:\\/\\/thumb.resfu.com\\/media\\/img\\/flags\\/44x27\\/mx.png',0,600,'Liguilla Clausura 2014',NULL,1,1,3,2014),(11,0,'wo',1,'http:\\/\\/thumb.resfu.com\\/media\\/img\\/flags\\/44x27\\/wo.png',2,136,'Mundial',NULL,0,8,3,2014);
/*!40000 ALTER TABLE `liga` ENABLE KEYS */;
UNLOCK TABLES;

--
-- Table structure for table `noticia`
--

DROP TABLE IF EXISTS `noticia`;
/*!40101 SET @saved_cs_client     = @@character_set_client */;
/*!40101 SET character_set_client = utf8 */;
CREATE TABLE `noticia` (
  `id` bigint(20) NOT NULL AUTO_INCREMENT,
  `version` bigint(20) NOT NULL,
  `contenido` longtext NOT NULL,
  `fecha_publicacion` datetime NOT NULL,
  `imagen` tinyblob NOT NULL,
  `redactor` varchar(70) NOT NULL,
  `titulo` varchar(100) NOT NULL,
  `categoria_id` bigint(20) NOT NULL,
  PRIMARY KEY (`id`),
  KEY `FK7EEB45058C03D085` (`categoria_id`),
  CONSTRAINT `FK7EEB45058C03D085` FOREIGN KEY (`categoria_id`) REFERENCES `categoria` (`id`)
) ENGINE=InnoDB AUTO_INCREMENT=29 DEFAULT CHARSET=latin1;
/*!40101 SET character_set_client = @saved_cs_client */;

--
-- Dumping data for table `noticia`
--

LOCK TABLES `noticia` WRITE;
/*!40000 ALTER TABLE `noticia` DISABLE KEYS */;
INSERT INTO `noticia` VALUES (1,8,'El delantero venezolano anunció su regreso al futbol mexicano con los Xolos de Tijuana, escuadra dirigida por su compatriota Cesar Farías. <br><br>\r\n\"Quería un contrato bueno. Xolos me ha buscado por más de medio año. Además, mi ex entrenador, Cesar Farías, fue crucial en la Selección Nacional\", reveló Arango al diario alemán Bild. <br><br>\r\nEl ariete sudamericano jugó cinco temporadas con el Borussia Mönchengladbach de la Bundesliga, conjunto con el que tuvo buenas actuaciones. <br><br>\r\n\"Los cinco años que estuve (en el Gladbach) pertenecen a la mejor etapa de mi carrera y mi vida. Sé que voy a volver algún día\", afirmó. <br><br>\r\nEl capitán de la Selección Venezolana argumentó que entre los motivos para aceptar la propuesta de Tijuana estuvieron su familia, el idioma y ser dirigido nuevamente por César Farías, con quien compartió en la Vinotinto. <br><br>\r\nJuan Arango jugará en la Liga MX luego de su paso por el futbol español y alemán. En México participó con Monterrey, Pachuca y Puebla','2014-05-16 00:00:00','http://www.record.com.mx/documents/10165/0/mod07/image_content_general_7845778_20140516213537.jpg','REDACCIÓN RÉCORD','Juan Arango asegura que llega a Xolos',1),(2,1,'Luego de vencer a Pachuca en la Vuelta de la Gran Final, el León logró el Bicampeonato  y se convierte en el segundo equipo en la historia de los torneos cortos en conseguir esta hazaña. <br><br>\r\nSin embargo, conseguir este no fue fácil, ya que estuvieron cerca de no pasar a la Fase de Liguilla  y tuvieron que alternar el torneo de Liga con la Copa Libertadores, en donde quedaron eliminados en Octavos de Final. <br><br>\r\nEl conjunto Esmeralda comenzó este Clausura 2014 con un empate 1-1 frente al Atlante. Su primera victoria la consiguieron en casa en la jornada 2, luego de vencer 3-1 a los Rojinegros del Atlas. <br><br>\r\nPara el duelo de \'Fieras\' en la jornada 6, el cuadro de León cayó 1-2 frente a Pumas, y mantuvieron una línea descendente, ya que en el siguiente partido cayeron en su compromiso ante Rayados (0-2). <br><br>\r\nEl cuadro que dirige Gustavo Matosas levantó en el torneo, luego de vencer 4-2 a Santos Laguna y 0-3 a Chiapas; sin embargo, Chivas se encargó de ponerle el freno.','2014-05-18 00:00:00','http://www.record.com.mx/documents/10165/0/mod07/image_content_general_7869837_20140518224523.jpg','REDACCIÓN RÉCORD','León, un camino difícil para conseguir el Bicampeonato',1),(3,1,'Ante las sospechas y el morbo sobre un posible arreglo, el presidente del Pachuca, Jesús Martínez, afirmó que el ganador de la Final entre su equipo y León, pertenecientes al mismo grupo de propietarios, fue el futbol. <br><br>\r\n\"Gana el futbol, eso es lo principal,  que gana el futbol. Dieron dos partidos dignos de Final entregados al cien por ciento y mis respetos para las dos instituciones, hay que felicitarlas a las dos y al Campeón\", <br><br>\r\nEl dirigente aprovechó para felicitar a los Panzas Verdes por su Bicampeonato  y a su hijo Jesús Martínez Murguía, quien también funge como presidente de la institución del Bajío. <br><br>\r\n\"Es un equipo que tiene mucho porvenir y felicitar al León, es un digno Bicampeón del futbol mexicano, felicitar a mi hijo Jesús, Matosas, Rafa Márquez, a todo el plantel, su directiva y sus jugadores. También felicitar a mi equipo porque se entregó y tuvo una Liguilla espectacular y estamos muy contentos.','2014-05-18 00:00:00','http://www.record.com.mx/documents/10165/0/mod07/image_content_detalle_nota_7870535_20140519003128.jpg','REDACCIÓN RÉCORD','\"Gana el futbol, eso es lo principal\": Jesús Martínez',1),(5,0,'El atacante argentino, Carlos Tévez fue elegido por los aficionados de la Juventus  como el mejor jugador de la campaña 2013-14, por sus actuaciones que incluyeron 21 anotaciones. <br><br>\r\nEl Apache, quien no acudirá a la Copa del Mundo realizó una gran temporada con el Campeón de la Serie A, en una campaña donde también conquistaron la Supercopa de Italia, ante la Lazio. <br><br>\r\nMediante su página de internet, el club italiano puso a votación el galardón de mejor jugador de la campaña y fue Tévez el elegido por los aficionados. <br><br>','2014-05-18 00:00:00','http://www.record.com.mx/documents/10165/0/mod07/image_content_general_7861314_20140518133021.jpg','REDACCIÓN RÉCORD','Tévez, elegido mejor jugador de la Juve',2),(6,0,'El París Saint Germain quiere que Zlatan Ibrahimovic se quede en la institución como Director Deportivo  cuando termine su carrera como futbolista, así lo aseguró el presidente del club, Nasser Al-Khelaifi. <br><br>\r\n\"Hablé con Zlatan para que se quedara con nosotros cuando termine su carrera y se convierta en Director Deportivo\", dijo el directivo en entrevista con RTL Radio. <br><br>\r\n\"Si lo hace, se convertirá en el mejor Director Deportivo del mundo. (Zlatan) tiene una gran personalidad y todos lo respetan\", agregó. <br><br>\r\nAl-Khelaifi  destacó las cualidades del ariete sueco, tanto profesionales como personales, por lo que quiere que continúe en la entidad; al igual que otros futbolistas como Zoumana Camara. <br><br>\r\n\"Aprecio lo profesional que es Zlatan, el hombre que es Zlatan. Es muy muy divertido. Quiero mantener algunos ex jugadores cuando se retiren, por ejemplo, Zoumana Camara es alguien al que me gustaría mantener con nosotros\", reveló. <br><br>','2014-05-18 00:00:00','http://www.record.com.mx/documents/10165/0/mod07/image_content_general_7861683_20140518141151.jpg','REDACCIÓN RÉCORD','PSG ofrece a Ibrahimovic ser Director Deportivo',2),(7,0,'River Plate  volvió a disfrutar de las mieles del triunfo en Argentina. El club Millonario derrotó 5-0 a Quilmes y se proclamó Campeón. <br><br>\r\nLas anotaciones corrieron a cargo de Fernando Cavenaghi en dos ocasiones, Gabriel Mercado, Christian Ledesma y el colombiano Teófilo Gutiérrez. <br><br>\r\nDesde que inició el encuentro, el club salió más que motivado en busca del ansiado título. Con la victoria les alcanzaba al cuadro de Ramón Díaz para conseguir el título. <br><br>\r\nFue al minuto 9 cuando se dio la primera anotación del encuentro, cortesía de Fernando Cavenaghi. Vino un centro desde la banda por banda de Vangioni que remató Carlos Carbonero y en el fondo el arquero de Quilmes tapó; sin embargo, el rebote le quedó a Cavenaghi, quien empujó el balón para poner el 1-0. Explotó el Monumental de alegría. <br><br>\r\nLa segunda anotación del encuentro corrió a cargo de Gabriel Mercado, quien volvió a aparecer en un momento crucial como en la fecha pasada en donde consiguió el gol con el','2014-05-16 00:00:00','http://www.record.com.mx/documents/10165/0/mod07/image_content_general_7864802_20140518175019.jpg','REDACCIÓN RÉCORD','River Plate golea y es Campeón en Argentina',2),(8,0,'Luego de haber derrotado por goleada 5-0 a Quilmes y sumar su título  número 35 a nivel local, el club argentino River Plate se mantiene como uno de los clubes  más ganadores alrededor del mundo. <br><br>\r\nEl último que había conseguido el cuadro de los \'Millonarios\' fue en el Clausura 2008 bajo el mando de Diego Simeone. En esa ocasión terminaron con 43 puntos, 4 unidades arriba de Boca Juniors. <br><br>\r\nAhora, con el regreso de elementos queridos por la institución como Ramón Angel Díaz y Fernando Cavenaghi, lograron dejar atrás los malos momentos que sufrió el club, cuando descendió. <br><br>\r\nEste título 35 que obtuvo el cuadro argentino, los sitúa como uno de los clubes más ganadores, por encima de equipos como el Real Madrid, Ajax y la Juventus. <br><br>\r\nEn España, el cuadro del Real Madrid es quien comanda la Liga. En su historia, el equipo merengue suma 32 títulos, 10 más que el equipo de Barcelona (22 campeonatos). <br><br>\r\nEn Italia, el club más ganador es la Juventus, quienes','2014-05-18 00:00:00','http://www.record.com.mx/documents/10165/0/mod07/image_content_general_7866978_20140518193554.jpg','REDACCIÓN RÉCORD','River Plate, uno de los más ganadores a nivel mundial',2),(9,0,'El venezolano Juan Arango fue anunciado como nuevo refuerzo de Xolos de Tijuana. <br><br>\r\n\"El club Tijuana Xoloitzcuintles de Caliente ficha al futbolista Juan Fernando Arango Sáenz (34 años, Maracay, Aragua) capitán de la selección de Venezuela, quien se integra a los Canes Aztecas\", se lee en un comunicado difundido a través de la página oficial de la escuadra de la frontera. <br><br>\r\nEl volante, que procede del Borussia Mönchengladbach de Alemania, vivirá su segunda etapa en el futbol mexicano, toda vez que ya militó en Monterrey, Pachuca y Puebla, posteriormente se integró al Mallorca de España. <br><br>','2014-05-21 00:00:00','http://www.record.com.mx/documents/10165/0/mod07/image_content_general_7916848_20140521182935.jpg','REDACCIÓN RÉCORD','Juan Arango, nuevo jugador de Xolos',1),(10,0,'Francisco Rodríguez no descartó la posibilidad de ser refuerzo del Atlas el próximo torneo, pero hasta ahora no hay nada cerrado y deja \"en manos de Dios\" lo que suceda con su futuro después del Mundial de Brasil. Por lo pronto, se enfoca a dar todo de sí en los entrenamientos con el Tri para tratar de ganarse un lugar en el once titular. <br><br>\r\n\"Ahorita simplemente estoy mentalizado en lo que es el Mundial, preparándome al máximo y ya el destino lo dejo en manos de Dios, a ver dónde voy a caer. <br><br>\r\n\"Atlas es un gran equipo, una institución con una gran afición. No me cierro a la idea, pero hay que estar concentrados, en espera de que se entren a pláticas por ahí y esperar hasta el último\", señaló el Maza. <br><br>\r\nEl zaguero aceptó que es difícil dejar de pensar en su futuro tras aparecer en la lista de transferibles de América por decisión de la directiva , situación que \"ya me la esperaba, pero hay que estar tranquilitos\". <br><br>\r\n\"Contrato tengo con el América, pero ya se s','2014-05-21 00:00:00','http://www.record.com.mx/documents/10165/0/mod07/image_content_general_7919122_20140521194413.jpg','JONATAN PEÑA','Maza no se cierra a la idea de ser refuerzo del Atlas',1),(11,0,'Tras un par de mundiales y una Copa Confederaciones sentando en el banquillo de suplentes, Guillermo Ochoa está con la idea de no repetir esto en la Copa del Mundo Brasil 2014. <br><br>\r\nSuplente en Alemania 2006 y Sudáfrica 2010, Ochoa busca convencer al técnico Miguel Herrera para darle la titularidad en lugar de Jesús Corona y Alfredo Talavera. <br><br>\r\n\"Espero que este sea ya mi Mundial. Para eso trabajo fuerte con la idea de poder jugar, aunque al final el que va a decidir es Miguel\", dijo. <br><br>\r\nDe 28 años de edad, el Memo Ochoa se convirtió en el primer mexicano en atajar en Europa, con el Ajaccio de la Liga de Francia, pero Corona fue titular durante casi todas las eliminatorias, además de la Copa Confederaciones de Brasil 2013. El portero de Cruz Azul es señalado como el favorito para ganar el puesto. <br><br>\r\nTalavera, quien irá a su primer Mundial, cumplió una sobresaliente temporada con Toluca y tampoco está descartado en la puja por la titularidad. <br><br>\r\nOchoa lo sabe','2014-05-21 00:00:00','http://www.record.com.mx/documents/10165/0/mod07/image_content_general_7918870_20140521192815.jpg','AP','\"Espero que éste sea ya mi Mundial\": Guillermo Ochoa',3),(12,0,'El lateral izquierdo del Bayer Leverkusen, Andrés Guardado, habló este miércoles acerca de sus impresiones alrededor del grupo de trabajo que está formando el técnico Miguel Herrera con la Selección Mexicana de cara al Mundial de Brasil, del cual espera buenas cosas. <br><br>\r\n\"Miguel (Herrera) está formando un gran grupo y eso se tiene que ver reflejado\", aseguró el ex jugador de Atlas. <br><br>\r\nLas palabras de Guardado se suman a las del entrenador nacional, quien previamente explicó que gracias a la competencia interna del equipo, el ambiente entre los compañeros es muy bueno en su afán de destacar para ser parte de los 11 mejores jugadores. <br><br>\r\nGuardado fue el primer jugador que milita en el extranjero que se integró al grupo que se prepara para la Copa del Mundo, situación que el mismo Herrera destacó, al señalar el gusto que le daba ver la buena disposición que muestran jugadores como \'El principito\' y Ochoa. <br><br>','2014-05-21 00:00:00','http://www.record.com.mx/documents/10165/0/mod07/image_content_general_7912271_20140521145149.jpg','REDACCIÓN RÉCORD','Guardado ve un buen grupo en el Tri',3),(13,0,'Miguel Herrera, técnico de la Selección Mexicana, descartó que el periodo de fichajes sea un problema o distracción dentro de su selectivo, pues afirmó que todos sus jugadores tienen contrato y posibilidades de jugar en cualquier escuadra. <br><br>\r\n\"Cada jugador tiene sus representantes y contratos. No hay ningún problema de ese tipo\", destacó Herrera, quien recomendó a Javier Hernández cambiar de aires, ante su poca actividad en Manchester United. <br><br>\r\n\"En el caso de Chicharito  yo creo que le conviene salir para que sea tomado en cuenta para jugar\", indicó el timonel del Tricolor. <br><br>\r\nPor otra parte, el Piojo reconoció la sinceridad de Juan Carlos Medina  para aceptar que no estaba al 100 por ciento para ir al Mundial debido a su lesión en el tobillo. <br><br>\r\n\"A Medina le agradezco su sinceridad, fue valiente al decir que no estaba al cien por ciento y con eso tomar medidas a tiempo\", declaró en conferencia de prensa. <br><br>\r\nEl Piojo aseguró que a la concentración, Medina','2014-05-21 00:00:00','http://www.record.com.mx/documents/10165/0/mod07/image_content_general_7911756_20140521134137.jpg','JONATAN PEÑA','Herrera descarta problemas de contratos en su Tricolor',1),(14,1,'Rafael Márquez alcanzó un acuerdo con el León para ampliar su relación por un año más con el club. <br><br>\r\nLos Panzas Verdes  garantizaron así la permanencia del defensa hasta el siguiente año, luego de lograr el Bicampeonato en la Final ante Pachuca. <br><br>\r\nEl ex del Barcelona llegó como refuerzo de La Fiera para el Clausura 2013 y actualmente se encuentra concentrado con la Selección Mexicana para disputar su cuarta Copa del Mundo como capitán de la Selección Mexicana en Brasil. <br><br>','2014-05-23 00:00:00','http://www.record.com.mx/documents/10165/0/mod07/image_content_detalle_nota_7942010_20140523161037.jpg','REDACCIÓN RÉCORD','Rafael Márquez extiende contrato con León por un año',1),(15,0,'El club francés PSG anunció que llegó a un acuerdo con el Chelsea  para hacerse de los servicios del defensa brasileño, David Luiz. <br><br>\r\nEl equipo publicó un comunicado en donde dio a conocer la noticia. <br><br>\r\n\'PSG informa que ya se llegó a un arreglo con el club para poder negociar la transferencia de David Luiz\'. <br><br>\r\nEl próximo mercado de fichajes comenzará el próximo 10 de junio de 2014. <br><br>','2014-05-23 00:00:00','http://www.record.com.mx/documents/10165/0/mod07/image_content_general_7942205_20140523161048.jpg','REDACCIÓN RÉCORD','PSG llega a un acuerdo con Chelsea por David Luiz',2),(16,0,'David Luiz busca salir este verano del Chelsea y estaría cerca de cerrar su pase al París Saint-Germain, que desembolsaría una buena cantidad para hacerse de los servicios del brasileño. <br><br>\r\nSegún reportes de la prensa inglesa, el conjunto parisino pagaría aproximadamente 62 millones de euros por el defensor en este mercado de transferencias y ya estarían realizándole el examen médico para cerrar el trato. <br><br>\r\nRepresentantes del PSG habrían viajado a Brasil, donde Luiz está concentrado con la selección \'verdeamarelha\' de cara al Mundial, para hacerle las pertinentes revisiones físicas. <br><br>\r\nLa salida del defensa brasileño del conjunto blue parece inminente ya que reportes previos situaban al jugador en el Barcelona. <br><br>','2014-05-23 00:00:00','http://www.record.com.mx/documents/10165/0/mod07/image_content_general_7936895_20140523101205.jpg','REDACCIÓN RÉCORD','PSG pagaría 62 mde por David Luiz',2),(17,0,'Portugal sigue mostrando su poderío en la categoría Sub 21, luego de vencer 3-1 a Chile, en actividad del Grupo A del torneo Esperanzas de Toulon. <br><br>\r\nLos lusitanos con goles de Leandro Silva (30\'), Helder Costa (65\') y Bruno Fernandes (68\') se impusieron a los sudamericanos en el segundo partido del campeonato; Nicolas Castillo (69\') puso el descuento para \'La Roja\'. <br><br>\r\nLa selección lusa, que venía de derrotar en su debut al combinado azteca 2-0, se pone como líder del sector con seis puntos; mientras Chile, quien venía de perder contra Francia, se queda en la zona baja sin poder sumar hasta el momento. <br><br>\r\nPor su parte, el siguiente rival de México será Francia, país anfitrión, el próximo domingo 25 de mayo, para luego continuar su participación al medirse contra Chile y China los días 27 y 29 respectivamente. <br><br>','2014-05-23 00:00:00','http://www.record.com.mx/documents/10165/0/mod07/image_content_general_7938383_20140523144018.jpg','REDACCIÓN RÉCORD','Portugal muestra su poderío contra Chile en Toulon',2),(18,4,'Arturo Vidal, volante de la selección chilena y de la Juventus, responde satisfactoriamente al tratamiento de rehabilitación tras su cirugía de rodilla derecha a la que fue sometido el 7 de mayo, informó el viernes el médico de la Selección Chilena. <br><br>\r\n\"Vidal completó su primera semana de rehabilitación con nosotros, mostrando una respuesta satisfactoria al tratamiento y cumplimiento de las etapas establecidas de manera adecuada\", señaló el médico de la selección, Giovanni Carcuro, en un breve comunicado. <br><br>\r\nEl volante fue operado exitosamente de la rodilla derecha en Barcelona. <br><br>\r\nSi bien se criticó el hecho de que la intervención se demoró hasta el desenlace de la Serie A italiana y a sólo cinco semanas del inicio del Mundial, no se llegó a descartar su participación en \'La Roja\'. Sin embargo, la duda sigue siendo si estará listo para el primer partido o el segundo. <br><br>\r\nVidal estuvo varios meses con una lesión de menisco externo.','2014-05-23 00:00:00','http://www.record.com.mx/documents/10165/0/mod07/image_content_general_7945262_20140523185519.jpg','AP','Arturo Vidal responde bien a su operación',4),(19,0,'El técnico Jürgen Klinsmann dijo que excluyó a Landon Donovan de la selección estadounidense que jugará el Mundial porque otros atacantes lo superaron en los meses previos a la concentración del equipo. <br><br>\r\n\"Los jugadores que elegí están un peldaño más por delante de Landon (Donovan) en ciertas áreas, por lo que tomamos esa decisión\", declaró Klinsmann, que también adelantó que para nada le cerraba a Donovan la puerta de la selección después que haya concluido el Mundial de Brasil. \"Creo que hemos formado un grupo con experiencia y no es una plantilla joven\". <br><br>\r\nEl timonel señaló que el veterano delantero tomó la decisión \"con un temple extraordinario\", aunque señaló que el jugador \"no la entiende\" y dijo que espera el goleador de 32 años continúe su carrera con la selección. <br><br>\r\nKlinsmann  reconoció que jóvenes como Julian Green, Anthony Brooks y DeAndre Yedlin encaran una \"fase de aprendizaje\". <br><br>','2014-05-23 00:00:00','http://www.record.com.mx/documents/10165/0/mod07/image_content_general_7937801_20140523131841.jpg','AP','\'Otros delanteros superaron a Donovan\': Klinsmann',4),(20,0,'Cruyff, Neeskens y compañía asombraron al mundo con el \'Futbol Total\' que despegó Holanda en 1974; sin embargo, en la Final se toparon con un muro al que no pudieron superar: Alemania Federal. <br><br>\r\nLa \'Naranja Mecánica\', nombrada así por la película de Stanley Kubrick  que lleva ese título, pareció encaminarse con un penalti cometido por Berti Vogts sobre Cruyff, mas los teutones le dieron la vuelta antes del descanso con tantos de Paul Breitner y Gerd Müller, quien jugó su último Mundial con los teutones. <br><br>\r\nAlemania soportó los ataques tulipanes en la segunda mitad y el partido terminó con un 2-1 que le dio el triunfo a los locales. <br><br>','2014-05-23 00:00:00','http://www.record.com.mx/documents/10165/0/mod07/image_content_general_7936588_20140523013711.jpg','REDACCIÓN RÉCORD','Alemania doblega el Futbol Total holandés y es Campeón',4),(21,0,'No basta con los estadios incompletos, la FIFA se enfrenta a un nuevo fantasma a 21 días de la patada inicial de la Copa del Mundo: El mosquito del dengue. <br><br>\r\nEn un comunicado distribuido a los equipos y tripletas arbitrales que estarán en la Copa, la entidad hizo recomendaciones para el combate contra la enfermedad, que ya cobró víctimas en el 2014. De acuerdo con datos oficiales dados a conocer por el Ministerio de Salud, mil 932 casos graves de la enfermedad fueron registrados este año, de los cuales, 69 terminaron en muerte. <br><br>\r\nLa FIFA ha monitoreado de cerca la situación, y las instalaciones que servirán de Centro de Entrenamiento de Selecciones (CTS por sus siglas en portugués) adquirieron velas de citronela, redes y matamoscas, instrumentos usados para repeler la presencia del \'Aedes Aegypti\', mosquito transmisor del dengue. <br><br>\r\nEn el periodo de la Copa, las ciudades de Recife, Fortaleza y Natal son consideradas las más susceptibles a una epidemia, debido a que','2014-05-23 00:00:00','http://www.record.com.mx/documents/10165/0/mod07/image_content_general_7935518_20140522231842.jpg','LANCE','Dengue, otro enemigo a vencer en el Mundial',4),(22,0,'Fernando Arce es nuevo jugador de las Chivas, así lo anunció en sus redes sociales el cuadro del Rebaño, con lo que Carlos Bustos suma su segundo refuerzo tras la llegada de Carlos Salcido. <br><br>\r\nArce, ahora ex jugador de los Xolos de Tijuana llegará a fortalecer con su experiencia la mediacancha de los rojiblancos. Con 34 años cumplidos, el nacido en Tijuana lucirá su séptima playera, tras su paso por Irapuato, Veracruz, Atlante, Morelia, Santos y el cuadro fronterizo. <br><br>\r\n¡¡Rojiblancos!!, es OFICIAL, Fernando Arce es el segundo refuerzo de @Chivas rumbo al AP2014. <br><br>\r\n— CHIVAS (@Chivas) Mayo 25, 2014 <br><br>\r\nCon la llegada de Arce, Chivas hace oficial su segundo refuerzo del torneo, tras haber anunciado el retornó de Carlos Salcido. <br><br>\r\nXOLOS SE DESPIDE <br><br>\r\nTras anunciarse la llegada de Arce a Chivas, su ex equipo, los Xolos de Tijuana publicaron una despedida para su ex jugador, junto con agradecimientos por su entrega en el cuadro fronterizo, donde conquistó','2014-05-25 00:00:00','http://www.record.com.mx/documents/10165/0/mod07/image_content_general_7966020_20140525140948.jpg','REDACCIÓN RÉCORD','Fernando Arce, nuevo jugador de Chivas',1),(23,0,'El técnico de la selección de España, Vicente Del Bosque, publicó una lista de diecinueve jugadores para el Mundial de Brasil, en la que incluyó a Gerard Deulofeu y que completará con ocho jugadores del Real Madrid y del Atlético para sumar 26 integrantes, de los que descartará tres tras el partido ante Bolivia el 30 de mayo. <br><br>\r\n\"Sólo hemos dado 19 jugadores por razones obvias, es una lista difícil. Ayer se jugó un partido y ahí tenemos ocho potenciales jugadores que se unirán a estos y suman 26. El día después del partido de Bolivia dejaremos la lista en 23\", refirió el estratega ibérico con respecto al duelo Final de la Liga de Campeones, entre merengues y colchoneros. <br><br>\r\nLISTA DE 19 JUGADORES DE ESPAÑA <br><br>\r\nPORTEROS: Pepe Reina (Nápoles) y David De Gea (Manchester United) <br><br>\r\nDEFENSAS: César Azpilicueta (Chelsea), Gerard Piqué (Barcelona, Jordi Alba (Barcelona), Alberto Moreno (Sevilla), Javi Martínez (Bayern de Múnich), Raúl Albiol (Nápoles) <br><br>\r\nMEDIOCAMPI','2014-05-25 00:00:00','http://www.record.com.mx/documents/10165/0/mod07/image_content_general_7965260_20140525101243.jpg','EFE','España da lista de 19 jugadores para Mundial',4),(24,0,'El delantero de las Chivas, Omar Bravo, dijo estar emocionado con el compromiso que tiene su club para regresar a ser un equipo protagonista la próxima campaña, por lo que El Rebaño ha comenzado redoblar esfuerzos para preparar la Pretemporada. <br><br>\r\n\"Queremos ser protagonistas, por ello la Pretemporada empezó muy fuerte, estamos muy ilusionados y vamos a darle para adelante. En nuestra cabeza siempre estará ganar, hay que redoblar esfuerzos e involucrarnos todos para conseguir lo que queremos\", señaló Bravo en rueda de prensa realizada en la instalaciones del club Guadalajara. <br><br>\r\nPara el goleador originario de Los Mochis, la llegada de jugadores de experiencia como Carlos Salcido, Fernando Arce y Ángel Reyna, le vendrá muy bien a la plantilla, gracias a la confianza que pueden aportar al momento de buscar nuevos triunfos. <br><br>\r\n\"Nos vendrán muy bien (los refuerzos) porque son gente de experiencia, de probada calidad, que vendrá a aportarle al grupo. Creo que el tener jugad','2014-05-31 00:00:00','http://www.record.com.mx/documents/10165/0/mod07/image_content_general_8053578_20140531124609.jpg','REDACCIÓN RÉCORD','Bravo, motivado con la llegada de jugadores de experiencia',1),(25,1,'Rafael Márquez, capitán de la Selección Mexicana, pasó del susto a la tranquilidad, ya que no presentó fractura en su pie derecho luego de que fue valorado y sometido a un estudio en el hospital de Arlington, Texas, por un golpe en el empeine que sufrió con un jugador rival durante el partido entre México y Ecuador. <br><br>\r\nEl zamorano fue llevado junto con Luis Montes, quien presentó fractura de tibia y peroné, en la ambulancia número 12087 al nosocomio norteamericano ubicado cerca del estadio para descartar cualquier tipo de fractura, situación que para su buena causa no se presentó. <br><br>\r\nEn su cuenta de Twitter e Instagram, el defensor público una fotografía de su pie con el golpe, al mismo tiempo de agradecer que no haya sido una lesión ósea de consecuencia. <br><br>\r\n\"Afortunadamente no tengo fractura, ahora sólo esperar la resonancia, parece ser que sólo fue el golpe\", fueron las primeras palabras expresadas por Márquez en las redes sociales. <br><br>','2014-05-31 00:00:00','http://www.record.com.mx/documents/10165/0/mod07/image_content_general_8057823_20140531174723.jpg','JONATAN PEÑA','\"Afortunadamente no tengo fractura\": Márquez',3),(26,0,'Alvaro Morata  podría ser el nuevo refuerzo de la Juventus. Aunque no es oficial, es prácticamente un hecho que a partir de la siguiente campaña el delantero cambiará de equipo en busca de más minutos de juego. <br><br>\r\nSegún informa el diario AS, los equipos aún no han llegado a un acuerdo, ya que uno de los impedimentos es la opción de recompra que pondría el Real Madrid sobre la mesa, esto para recuperar al futbolista en caso de que logre un crecimiento importante. <br><br>\r\nEl próximo lunes 2 de junio se reunirán las directivas en Turín para presenciar un encuentro en el que se enfrentarán los veteranos del Real Madrid contra las leyendas de la Juve y sería justamente ese día cuando se defina el futuro del artillero merengue. <br><br>','2014-05-31 00:00:00','http://www.record.com.mx/documents/10165/0/mod07/image_content_general_8053983_20140531140205.jpg','REDACCIÓN RÉCORD','Álvaro Morata llegaría a la Juve',2),(27,0,'Jesús Navas deseó suerte a la selección española en el Mundial de Brasil, que no disputará por decisión del seleccionador Vicente del Bosque quien considera que no llega en condiciones tras una lesión en el tobillo, de la que el extremo andaluz del Manchester City dice estar recuperado. <br><br>\r\n\"Estoy muy orgulloso de recuperarme a tiempo y de haber peleado por llegar a Brasil. Les deseo a mis compañeros y al técnico la buena suerte para repetir título\", escribió Navas en su cuenta de Twitter tras hacerse oficial su ausencia de la lista de los 23 convocados. <br><br>','2014-06-01 00:00:00','http://www.record.com.mx/documents/10165/0/mod07/image_content_general_8053601_20140531134301.jpg','EFE','Jesús Navas deseó suerte a España en el Mundial',4),(28,0,'JKDSJSDJKJSDJSDJKSDKJSDJKJKSDJKSDJKSDJKSDJK','2014-06-02 00:00:00','http://www.apuestasde.net/wp-content/uploads/2014/04/f%C3%BAtbol-internacional.jpeg','YO','TITULO',1);
/*!40000 ALTER TABLE `noticia` ENABLE KEYS */;
UNLOCK TABLES;

--
-- Table structure for table `rol`
--

DROP TABLE IF EXISTS `rol`;
/*!40101 SET @saved_cs_client     = @@character_set_client */;
/*!40101 SET character_set_client = utf8 */;
CREATE TABLE `rol` (
  `id` bigint(20) NOT NULL AUTO_INCREMENT,
  `version` bigint(20) NOT NULL,
  `authority` varchar(255) NOT NULL,
  PRIMARY KEY (`id`),
  UNIQUE KEY `authority` (`authority`)
) ENGINE=InnoDB AUTO_INCREMENT=3 DEFAULT CHARSET=latin1;
/*!40101 SET character_set_client = @saved_cs_client */;

--
-- Dumping data for table `rol`
--

LOCK TABLES `rol` WRITE;
/*!40000 ALTER TABLE `rol` DISABLE KEYS */;
INSERT INTO `rol` VALUES (1,0,'ROLE_ADMIN'),(2,0,'ROLE_USER');
/*!40000 ALTER TABLE `rol` ENABLE KEYS */;
UNLOCK TABLES;

--
-- Table structure for table `usuario`
--

DROP TABLE IF EXISTS `usuario`;
/*!40101 SET @saved_cs_client     = @@character_set_client */;
/*!40101 SET character_set_client = utf8 */;
CREATE TABLE `usuario` (
  `id` bigint(20) NOT NULL AUTO_INCREMENT,
  `version` bigint(20) NOT NULL,
  `account_expired` bit(1) NOT NULL,
  `account_locked` bit(1) NOT NULL,
  `apellidos` varchar(60) NOT NULL,
  `enabled` bit(1) NOT NULL,
  `nombre` varchar(60) NOT NULL,
  `password` varchar(255) NOT NULL,
  `password_expired` bit(1) NOT NULL,
  `username` varchar(255) NOT NULL,
  PRIMARY KEY (`id`),
  UNIQUE KEY `username` (`username`)
) ENGINE=InnoDB AUTO_INCREMENT=2 DEFAULT CHARSET=latin1;
/*!40101 SET character_set_client = @saved_cs_client */;

--
-- Dumping data for table `usuario`
--

LOCK TABLES `usuario` WRITE;
/*!40000 ALTER TABLE `usuario` DISABLE KEYS */;
INSERT INTO `usuario` VALUES (1,0,'\0','\0','Silva Hernández','','José Fernando','$2a$10$y0tnvtMNiKjA2NOm.5vnc.BX8vkUywW4h3WOJke2y7jGKyAxv1sdK','\0','admin');
/*!40000 ALTER TABLE `usuario` ENABLE KEYS */;
UNLOCK TABLES;

--
-- Table structure for table `usuario_rol`
--

DROP TABLE IF EXISTS `usuario_rol`;
/*!40101 SET @saved_cs_client     = @@character_set_client */;
/*!40101 SET character_set_client = utf8 */;
CREATE TABLE `usuario_rol` (
  `rol_id` bigint(20) NOT NULL,
  `usuario_id` bigint(20) NOT NULL,
  PRIMARY KEY (`rol_id`,`usuario_id`),
  KEY `FK3118953E268F9745` (`rol_id`),
  KEY `FK3118953E8F663965` (`usuario_id`),
  CONSTRAINT `FK3118953E268F9745` FOREIGN KEY (`rol_id`) REFERENCES `rol` (`id`),
  CONSTRAINT `FK3118953E8F663965` FOREIGN KEY (`usuario_id`) REFERENCES `usuario` (`id`)
) ENGINE=InnoDB DEFAULT CHARSET=latin1;
/*!40101 SET character_set_client = @saved_cs_client */;

--
-- Dumping data for table `usuario_rol`
--

LOCK TABLES `usuario_rol` WRITE;
/*!40000 ALTER TABLE `usuario_rol` DISABLE KEYS */;
INSERT INTO `usuario_rol` VALUES (1,1);
/*!40000 ALTER TABLE `usuario_rol` ENABLE KEYS */;
UNLOCK TABLES;
/*!40103 SET TIME_ZONE=@OLD_TIME_ZONE */;

/*!40101 SET SQL_MODE=@OLD_SQL_MODE */;
/*!40014 SET FOREIGN_KEY_CHECKS=@OLD_FOREIGN_KEY_CHECKS */;
/*!40014 SET UNIQUE_CHECKS=@OLD_UNIQUE_CHECKS */;
/*!40101 SET CHARACTER_SET_CLIENT=@OLD_CHARACTER_SET_CLIENT */;
/*!40101 SET CHARACTER_SET_RESULTS=@OLD_CHARACTER_SET_RESULTS */;
/*!40101 SET COLLATION_CONNECTION=@OLD_COLLATION_CONNECTION */;
/*!40111 SET SQL_NOTES=@OLD_SQL_NOTES */;

-- Dump completed on 2014-06-07 12:33:07
